{
  "train_loss": [
    0.38181543803073353,
    0.3449661092032601,
    0.3437131151354576,
    0.3435377671758064,
    0.34291509947469156
  ],
  "val_loss": [
    0.17358647026522186,
    0.16542841715063886,
    0.17306957028031777,
    0.1727598312654696,
    0.17011635827307847
  ],
  "val_rmse": [
    2.508995086300213,
    2.141237157459127,
    2.5329671616020115,
    2.4899122800274403,
    2.411447435743015
  ],
  "val_mae": [
    1.7415759563446045,
    1.5808786153793335,
    1.8593080043792725,
    1.777761459350586,
    1.6334328651428223
  ]
}